codigo,descricao,risco_base
0111-3/01,Cultivo de arroz,NA
0111-3/02,Cultivo de milho,NA
0111-3/03,Cultivo de trigo,NA
0111-3/99,Cultivo de outros cereais não especificados anteriormente,NA
0112-1/01,Cultivo de algodão herbáceo,NA
0112-1/02,Cultivo de juta,NA
0112-1/99,Cultivo de outras fibras de lavoura temporária não especificadas anteriormente,NA
0113-0/00,Cultivo de cana-de-açúcar,NA
0114-8/00,Cultivo de fumo,NA
0115-6/00,Cultivo de soja,NA
0116-4/01,Cultivo de amendoim,NA
0116-4/02,Cultivo de girassol,NA
0116-4/03,Cultivo de mamona,NA
0116-4/99,Cultivo de outras oleaginosas de lavoura temporária não especificadas anteriormente,NA
0119-9/01,Cultivo de abacaxi,NA
0119-9/02,Cultivo de alho,NA
0119-9/03,Cultivo de batata-inglesa,NA
0119-9/04,Cultivo de cebola,NA
0119-9/05,Cultivo de feijão,NA
0119-9/06,Cultivo de mandioca,NA
0119-9/07,Cultivo de melão,NA
0119-9/08,Cultivo de melancia,NA
0119-9/09,Cultivo de tomate rasteiro,NA
0119-9/99,Cultivo de outras plantas de lavoura temporária não especificadas anteriormente,NA
0121-1/01,Horticultura exceto morango,NA
0121-1/02,Cultivo de morango,NA
0122-9/00,Cultivo de flores e plantas ornamentais,NA
0131-8/00,Cultivo de laranja,NA
0132-6/00,Cultivo de uva,NA
0133-4/01,Cultivo de açaí,NA
0133-4/02,Cultivo de banana,NA
0133-4/03,Cultivo de caju,NA
0133-4/04,Cultivo de cítricos exceto laranja,NA
0133-4/05,Cultivo de coco-da-baía,NA
0133-4/06,Cultivo de guaraná,NA
0133-4/07,Cultivo de maçã,NA
0133-4/08,Cultivo de mamão,NA
0133-4/09,Cultivo de maracujá,NA
0133-4/10,Cultivo de manga,NA
0133-4/11,Cultivo de pêssego,NA
0133-4/99,Cultivo de frutas de lavoura permanente não especificadas anteriormente,NA
0134-2/00,Cultivo de café,NA
0135-1/00,Cultivo de cacau,NA
0139-3/01,Cultivo de chá-da-índia,NA
0139-3/02,Cultivo de erva-mate,NA
0139-3/03,Cultivo de pimenta-do-reino,NA
0139-3/04,Cultivo de plantas para condimento exceto pimenta-do-reino,NA
0139-3/05,Cultivo de dendê,NA
0139-3/06,Cultivo de seringueira,NA
0139-3/99,Cultivo de outras plantas de lavoura permanente não especificadas anteriormente,NA
0141-5/01,"Produção de sementes certificadas, exceto de forrageiras para pasto",NA
0141-5/02,Produção de sementes certificadas de forrageiras para formação de pasto,NA
0142-3/00,"Produção de mudas e outras formas de propagação vegetal, certificadas",NA
0151-2/01,Criação de bovinos para corte,NA
0151-2/02,Criação de bovinos para leite,NA
0151-2/03,"Criação de bovinos, exceto para corte e leite",NA
0152-1/01,Criação de bufalinos,NA
0152-1/02,Criação de equinos,NA
0152-1/03,Criação de asininos e muares,NA
0153-9/01,Criação de caprinos,NA
0153-9/02,"Criação de ovinos, inclusive para produção de lã",NA
0154-7/00,Criação de suínos,NA
0155-5/01,Criação de frangos para corte,NA
0155-5/02,Produção de pintos de um dia,NA
0155-5/03,"Criação de outros galináceos, exceto para corte",NA
0155-5/04,"Criação de aves, exceto galináceos",NA
0155-5/05,Produção de ovos,NA
0159-8/01,Apicultura,NA
0159-8/02,Criação de animais de estimação,NA
0159-8/03,Criação de escargô,NA
0159-8/04,Criação de bicho-da-seda,NA
0159-8/99,Criação de outros animais não especificados anteriormente,NA
0161-0/01,Serviço de pulverização e controle de pragas agrícolas,NA
0161-0/02,Serviço de poda de árvores para lavouras,NA
0161-0/03,"Serviço de preparação de terreno, cultivo e colheita",NA
0161-0/99,Atividades de apoio à agricultura não especificadas anteriormente,NA
0162-8/01,Serviço de inseminação artificial em animais,NA
0162-8/02,Serviço de tosquiamento de ovinos,NA
0162-8/03,Serviço de manejo de animais,NA
0162-8/99,Atividades de apoio à pecuária não especificadas anteriormente,NA
0163-6/00,Atividades de pós-colheita,NA
0170-9/00,Caça e serviços relacionados,NA
0210-1/01,Cultivo de eucalipto,NA
0210-1/02,Cultivo de acácia-negra,NA
0210-1/03,Cultivo de pinus,NA
0210-1/04,Cultivo de teca,NA
0210-1/05,"Cultivo de espécies madeireiras, exceto eucalipto, acácia-negra, pinus e teca",NA
0210-1/06,Cultivo de mudas em viveiros florestais,NA
0210-1/07,Extração de madeira em florestas plantadas,NA
0210-1/08,Produção de carvão vegetal - florestas plantadas,NA
0210-1/09,Produção de casca de acácia-negra - florestas plantadas,NA
0210-1/99,Produção de produtos não madeireiros não especificados anteriormente em florestas plantadas,NA
0220-9/01,Extração de madeira em florestas nativas,NA
0220-9/02,Produção de carvão vegetal - florestas nativas,NA
0220-9/03,Coleta de castanha-do-pará em florestas nativas,NA
0220-9/04,Coleta de látex em florestas nativas,NA
0220-9/05,Coleta de palmito em florestas nativas,NA
0220-9/06,Conservação de florestas nativas,NA
0220-9/99,Coleta de produtos não madeireiros não especificados anteriormente em florestas nativas,NA
0230-6/00,Atividades de apoio à produção florestal,NA
0311-6/01,Pesca de peixes em água salgada,NA
0311-6/02,Pesca de crustáceos e moluscos em água salgada,NA
0311-6/03,Coleta de outros produtos marinhos,NA
0311-6/04,Atividades de apoio à pesca em água salgada,NA
0312-4/01,Pesca de peixes em água doce,NA
0312-4/02,Pesca de crustáceos e moluscos em água doce,NA
0312-4/03,Coleta de outros produtos aquáticos de água doce,NA
0312-4/04,Atividades de apoio à pesca em água doce,NA
0321-3/01,Criação de peixes em água salgada e salobra,NA
0321-3/02,Criação de camarões em água salgada e salobra,NA
0321-3/03,Criação de ostras e mexilhões em água salgada e salobra,NA
0321-3/04,Criação de peixes ornamentais em água salgada e salobra,NA
0321-3/05,Atividades de apoio à aquicultura em água salgada e salobra,NA
0321-3/99,Cultivos e semicultivos da aquicultura em água salgada e salobra não especificados anteriormente,NA
0322-1/01,Criação de peixes em água doce,NA
0322-1/02,Criação de camarões em água doce,NA
0322-1/03,Criação de ostras e mexilhões em água doce,NA
0322-1/04,Criação de peixes ornamentais em água doce,NA
0322-1/05,Ranicultura,NA
0322-1/06,Criação de jacaré,NA
0322-1/07,Atividades de apoio à aquicultura em água doce,NA
0322-1/99,Cultivos e semicultivos da aquicultura em água doce não especificados anteriormente,NA
0500-3/01,Extração de carvão mineral,NA
0500-3/02,Beneficiamento de carvão mineral,NA
0600-0/01,Extração de petróleo e gás natural,NA
0600-0/02,Extração e beneficiamento de xisto,NA
0600-0/03,Extração e beneficiamento de areias betuminosas,NA
0710-3/01,Extração de minério de ferro,NA
0710-3/02,"Pelotização, sinterização e outros beneficiamentos de minério de ferro",NA
0721-9/01,Extração de minério de alumínio,NA
0721-9/02,Beneficiamento de minério de alumínio,NA
0722-7/01,Extração de minério de estanho,NA
0722-7/02,Beneficiamento de minério de estanho,NA
0723-5/01,Extração de minério de manganês,NA
0723-5/02,Beneficiamento de minério de manganês,NA
0724-3/01,Extração de minério de metais preciosos,NA
0724-3/02,Beneficiamento de minério de metais preciosos,NA
0725-1/00,Extração de minerais radioativos,NA
0729-4/01,Extração de minérios de nióbio e titânio,NA
0729-4/02,Extração de minério de tungstênio,NA
0729-4/03,Extração de minério de níquel,NA
0729-4/04,"Extração de minérios de cobre, chumbo, zinco e outros minerais metálicos não ferrosos não especificados anteriormente",NA
0729-4/05,"Beneficiamento de minérios de cobre, chumbo, zinco e outros minerais metálicos não ferrosos não especificados anteriormente",NA
0810-0/01,Extração de ardósia e beneficiamento associado,NA
0810-0/02,Extração de granito e beneficiamento associado,NA
0810-0/03,Extração de mármore e beneficiamento associado,NA
0810-0/04,Extração de calcário e dolomita e beneficiamento associado,NA
0810-0/05,Extração de gesso e caulim,NA
0810-0/06,Extração de areia cascalho ou pedregulho e beneficiamento associado,NA
0810-0/07,Extração de argila e beneficiamento associado,NA
0810-0/08,Extração de saibro e beneficiamento associado,NA
0810-0/09,Extração de basalto e beneficiamento associado,NA
0810-0/10,Beneficiamento de gesso e caulim associado à extração,NA
0810-0/99,Extração e britamento de pedras e outros materiais para construção e beneficiamento associado,NA
0891-6/00,"Extração de minerais para fabricação de adubos, fertilizantes e outros produtos químicos",NA
0892-4/01,Extração de sal marinho,NA
0892-4/02,Extração de sal-gema,NA
0892-4/03,Refino e outros tratamentos do sal,I
0893-2/00,Extração de gemas (pedras preciosas e semipreciosas),NA
0899-1/01,Extração de grafita,NA
0899-1/02,Extração de quartzo,NA
0899-1/03,Extração de amianto,NA
0899-1/99,Extração de outros minerais não metálicos não especificados anteriormente,NA
0910-6/00,Atividades de apoio à extração de petróleo e gás natural,NA
0990-4/01,Atividades de apoio à extração de minério de ferro,NA
0990-4/02,Atividades de apoio à extração de minerais metálicos não ferrosos,NA
0990-4/03,Atividades de apoio à extração de minerais não metálicos,NA
1011-2/01,Frigorífico - abate de bovinos,NA
1011-2/02,Frigorífico - abate de equinos,NA
1011-2/03,Frigorífico - abate de ovinos e caprinos,NA
1011-2/04,Frigorífico - abate de bufalinos,NA
1011-2/05,"Matadouro - abate de reses sob contrato, exceto abate de suínos",NA
1012-1/01,Abate de aves,NA
1012-1/02,Abate de pequenos animais,NA
1012-1/03,Frigorífico - abate de suínos,NA
1012-1/04,Matadouro - abate de suínos sob contrato,NA
1013-9/01,Fabricação de produtos de carne,NA
1013-9/02,Preparação de subprodutos do abate,NA
1020-1/01,Preservação de peixes crustáceos e moluscos,NA
1020-1/02,Fabricação de conservas de peixes crustáceos e moluscos,NA
1031-7/00,Fabricação de conservas de frutas,P
1032-5/01,Fabricação de conservas de palmito,III
1032-5/99,"Fabricação de conservas de legumes e outros vegetais, exceto palmito",P
1033-3/01,"Fabricação de sucos concentrados de frutas, hortaliças e legumes",NA
1033-3/02,"Fabricação de sucos de frutas, hortaliças e legumes, exceto concentrados",P
1041-4/00,"Fabricação de óleos vegetais em bruto, exceto óleo de milho",P
1042-2/00,"Fabricação de óleos vegetais refinados, exceto óleo de milho",P
1043-1/00,Fabricação de margarina e outras gorduras vegetais e de óleos não comestíveis de animais,P
1051-1/00,Preparação do leite,NA
1052-0/00,Fabricação de laticínios,NA
1053-8/00,Fabricação de sorvetes e outros gelados comestíveis,II
1061-9/01,Beneficiamento de arroz,I
1061-9/02,Fabricação de produtos do arroz,II
1062-7/00,Moagem de trigo e fabricação de derivados,II
1063-5/00,Fabricação de farinha de mandioca e derivados,II
1064-3/00,"Fabricação de farinha de milho e derivados, exceto óleos de milho",P
1065-1/01,Fabricação de amidos e féculas de vegetais,II
1065-1/02,Fabricação de óleo de milho em bruto,II
1065-1/03,Fabricação de óleo de milho refinado,II
1066-0/00,Fabricação de alimentos para animais,NA
1069-4/00,Moagem e fabricação de produtos de origem vegetal não especificados anteriormente,II
1071-6/00,Fabricação de açúcar em bruto,II
1072-4/01,Fabricação de açúcar de cana refinado,III
1072-4/02,Fabricação de açúcar de cereais (dextrose) e de beterraba,III
1081-3/01,Beneficiamento de café,II
1081-3/02,Torrefação e moagem de café,II
1082-1/00,Fabricação de produtos à base de café,II
1091-1/01,Fabricação de produtos de panificação industrial,P
1091-1/02,Fabricação de produtos de padaria e confeitaria com predominância de produção própria,II
1092-9/00,Fabricação de biscoitos e bolachas,P
1093-7/01,Fabricação de produtos derivados do cacau e de chocolates,P
1093-7/02,Fabricação de frutas cristalizadas balas e semelhantes,P
1094-5/00,Fabricação de massas alimentícias,P
1095-3/00,"Fabricação de especiarias, molhos, temperos e condimentos",P
1096-1/00,Fabricação de alimentos e pratos prontos,P
1099-6/01,Fabricação de vinagres,NA
1099-6/02,Fabricação de pós-alimentícios,III
1099-6/03,Fabricação de fermentos e leveduras,III
1099-6/04,Fabricação de gelo comum,II
1099-6/05,"Fabricação de produtos para infusão (chá, mate, etc.)",P
1099-6/06,Fabricação de adoçantes naturais e artificiais,III
1099-6/07,Fabricação de alimentos dietéticos e complementos alimentares,III
1099-6/99,Fabricação de outros produtos alimentícios não especificados anteriormente,P
1111-9/01,Fabricação de aguardente de cana-de-açúcar,NA
1111-9/02,Fabricação de outras aguardentes e bebidas destiladas,NA
1112-7/00,Fabricação de vinho,NA
1113-5/01,"Fabricação de malte, inclusive malte uísque",NA
1113-5/02,Fabricação de cervejas e chopes,NA
1121-6/00,Fabricação de águas envasadas,III
1122-4/01,Fabricação de refrigerantes,NA
1122-4/02,Fabricação de chá mate e outros chás prontos para consumo,NA
1122-4/03,"Fabricação de refrescos, xaropes e pós para refrescos, exceto refrescos de frutas",NA
1122-4/04,Fabricação de bebidas isotônicas,III
1122-4/99,Fabricação de outras bebidas não alcoólicas não especificadas anteriormente,P
1210-7/00,Processamento industrial do fumo,NA
1220-4/01,Fabricação de cigarros,NA
1220-4/02,Fabricação de cigarrilhas e charutos,NA
1220-4/03,Fabricação de filtros para cigarros,NA
1220-4/99,"Fabricação de outros produtos do fumo, exceto cigarros, cigarrilhas e charutos",NA
1311-1/00,Preparação e fiação de fibras de algodão,NA
1312-0/00,"Preparação e fiação de fibras têxteis naturais, exceto algodão",NA
1313-8/00,Fiação de fibras artificiais e sintéticas,NA
1314-6/00,Fabricação de linhas para costurar e bordar,NA
1321-9/00,Tecelagem de fios de algodão,NA
1322-7/00,"Tecelagem de fios de fibras têxteis naturais, exceto algodão",NA
1323-5/00,Tecelagem de fios de fibras artificiais e sintéticas,NA
1330-8/00,Fabricação de tecidos de malha,NA
1340-5/01,"Estamparia e texturização em fios, tecidos, artefatos têxteis e peças do vestuário",NA
1340-5/02,"Alvejamento, tingimento e torção em fios, tecidos, artefatos têxteis e peças do vestuário",NA
1340-5/99,"Outros serviços de acabamento em fios, tecidos, artefatos têxteis e peças do vestuário",NA
1351-1/00,Fabricação de artefatos têxteis para uso doméstico,NA
1352-9/00,Fabricação de artefatos de tapeçaria,NA
1353-7/00,Fabricação de artefatos de cordoaria,NA
1354-5/00,"Fabricação de tecidos especiais, inclusive artefatos",NA
1359-6/00,Fabricação de outros produtos têxteis não especificados anteriormente,NA
1411-8/01,Confecção de roupas íntimas,NA
1411-8/02,Facção de roupas íntimas,NA
1412-6/01,"Confecção de peças do vestuário, exceto roupas íntimas e as confeccionadas sob medida",NA
1412-6/02,"Confecção, sob medida, de peças do vestuário, exceto roupas íntimas",NA
1412-6/03,"Facção de peças do vestuário, exceto roupas íntimas",NA
1413-4/01,"Confecção de roupas profissionais, exceto sob medida",NA
1413-4/02,"Confecção, sob medida, de roupas profissionais",NA
1413-4/03,Facção de roupas profissionais,NA
1414-2/00,"Fabricação de acessórios do vestuário, exceto para segurança e proteção",NA
1421-5/00,Fabricação de meias,NA
1422-3/00,"Fabricação de artigos do vestuário, produzidos em malharias e tricotagens, exceto meias",NA
1510-6/00,Curtimento e outras preparações de couro,NA
1521-1/00,"Fabricação de artigos para viagem, bolsas e semelhantes de qualquer material",NA
1529-7/00,Fabricação de artefatos de couro não especificados anteriormente,NA
1531-9/01,Fabricação de calçados de couro,NA
1531-9/02,Acabamento de calçados de couro sob contrato,NA
1532-7/00,Fabricação de tênis de qualquer material,NA
1533-5/00,Fabricação de calçados de material sintético,NA
1539-4/00,Fabricação de calçados de materiais não especificados anteriormente,NA
1540-8/00,"Fabricação de partes para calçados, de qualquer material",NA
1610-2/03,Serrarias com desdobramento de madeira em bruto,NA
1610-2/04,Serrarias sem desdobramento de madeira em bruto - resserragem,NA
1610-2/05,Serviço de tratamento de madeira realizado sob contrato,NA
1621-8/00,Fabricação de madeira laminada e de chapas de madeira compensada prensada e aglomerada,NA
1622-6/01,Fabricação de casas de madeira pré-fabricadas,NA
1622-6/02,Fabricação de esquadrias de madeira e de peças de madeira para instalações industriais e comerciais,NA
1622-6/99,Fabricação de outros artigos de carpintaria para construção,NA
1623-4/00,Fabricação de artefatos de tanoaria e de embalagens de madeira,NA
1629-3/01,"Fabricação de artefatos diversos de madeira, exceto móveis",NA
1629-3/02,"Fabricação de artefatos diversos de cortiça, bambu, palha, vime e outros materiais trançados, exceto móveis",NA
1710-9/00,Fabricação de celulose e outras pastas para a fabricação de papel,NA
1721-4/00,Fabricação de papel,NA
1722-2/00,Fabricação de cartolina e papel-cartão,NA
1731-1/00,Fabricação de embalagens de papel,P
1732-0/00,Fabricação de embalagens de cartolina e papel-cartão,P
1733-8/00,Fabricação de chapas e de embalagens de papelão ondulado,P
1741-9/01,Fabricação de formulários contínuos,NA
1741-9/02,"Fabricação de produtos de papel, cartolina, papel-cartão e papelão ondulado para uso comercial e de escritório",NA
1742-7/01,Fabricação de fraldas descartáveis,III
1742-7/02,Fabricação de absorventes higiênicos,III
1742-7/99,Fabricação de produtos de papel para uso doméstico e higiênico-sanitário não especificados anteriormente,NA
1749-4/00,"Fabricação de produtos de pastas celulósicas, papel, cartolina, papel-cartão e papelão ondulado não especificados anteriormente",P
1811-3/01,Impressão de jornais,NA
1811-3/02,"Impressão de livros, revistas e outras publicações periódicas",NA
1812-1/00,Impressão de material de segurança,NA
1813-0/01,Impressão de material para uso publicitário,NA
1813-0/99,Impressão de material para outros usos,NA
1821-1/00,Serviços de pré-impressão,NA
1822-9/01,Serviços de encadernação e plastificação,NA
1822-9/99,"Serviços de acabamentos gráficos, exceto encadernação e plastificação",NA
1830-0/01,Reprodução de som em qualquer suporte,NA
1830-0/02,Reprodução de vídeo em qualquer suporte,NA
1830-0/03,Reprodução de software em qualquer suporte,NA
1910-1/00,Coquerias,NA
1921-7/00,Fabricação de produtos do refino de petróleo,NA
1922-5/01,Formulação de combustíveis,NA
1922-5/02,Rerrefino de óleos lubrificantes,NA
1922-5/99,"Fabricação de outros produtos derivados do petróleo, exceto produtos do refino",NA
1931-4/00,Fabricação de álcool,P
1932-2/00,"Fabricação de biocombustíveis, exceto álcool",NA
2011-8/00,Fabricação de cloro e álcalis,P
2012-6/00,Fabricação de intermediários para fertilizantes,NA
2013-4/01,Fabricação de adubos e fertilizantes organo-minerais,NA
2013-4/02,"Fabricação de adubos e fertilizantes, exceto organo-minerais",NA
2014-2/00,Fabricação de gases industriais,P
2019-3/01,Elaboração de combustíveis nucleares,NA
2019-3/99,Fabricação de outros produtos químicos inorgânicos não especificados anteriormente,P
2021-5/00,Fabricação de produtos petroquímicos básicos,NA
2022-3/00,Fabricação de intermediários para plastificantes resinas e fibras,NA
2029-1/00,Fabricação de produtos químicos orgânicos não especificados anteriormente,P
2031-2/00,Fabricação de resinas termoplásticas,NA
2032-1/00,Fabricação de resinas termofixas,NA
2033-9/00,Fabricação de elastômeros,NA
2040-1/00,Fabricação de fibras artificiais e sintéticas,NA
2051-7/00,Fabricação de defensivos agrícolas,NA
2052-5/00,Fabricação de desinfestantes domissanitários,III
2061-4/00,Fabricação de sabões e detergentes sintéticos,III
2062-2/00,Fabricação de produtos de limpeza e polimento,III
2063-1/00,"Fabricação de cosméticos, produtos de perfumaria e de higiene pessoal",III
2071-1/00,"Fabricação de tintas, vernizes, esmaltes e lacas",P
2072-0/00,Fabricação de tintas de impressão,NA
2073-8/00,"Fabricação de impermeabilizantes, solventes e produtos afins",NA
2091-6/00,Fabricação de adesivos e selantes,P
2092-4/01,"Fabricação de pólvoras, explosivos e detonantes",NA
2092-4/02,Fabricação de artigos pirotécnicos,NA
2092-4/03,Fabricação de fósforos de segurança,NA
2093-2/00,Fabricação de aditivos de uso industrial,P
2094-1/00,Fabricação de catalisadores,NA
2099-1/01,"Fabricação de chapas, filmes, papéis e outros materiais e produtos químicos para fotografia",NA
2099-1/99,Fabricação de outros produtos químicos não especificados anteriormente,P
2110-6/00,Fabricação de produtos farmoquímicos,III
2121-1/01,Fabricação de medicamentos alopáticos para uso humano,III
2121-1/02,Fabricação de medicamentos homeopáticos para uso humano,III
2121-1/03,Fabricação de medicamentos fitoterápicos para uso humano,III
2122-0/00,Fabricação de medicamentos para uso veterinário,NA
2123-8/00,Fabricação de preparações farmacêuticas,III
2211-1/00,Fabricação de pneumáticos e de câmaras-de-ar,NA
2212-9/00,Reforma de pneumáticos usados,NA
2219-6/00,Fabricação de artefatos de borracha não especificados anteriormente,P
2221-8/00,Fabricação de laminados planos e tubulares de material plástico,P
2222-6/00,Fabricação de embalagens de material plástico,P
2223-4/00,Fabricação de tubos e acessórios de material plástico para uso na construção,NA
2229-3/01,Fabricação de artefatos de material plástico para uso pessoal e doméstico,P
2229-3/02,Fabricação de artefatos de material plástico para usos industriais,NA
2229-3/03,"Fabricação de artefatos de material plástico para uso na construção, exceto tubos e acessórios",NA
2229-3/99,Fabricação de artefatos de material plástico para outros usos não especificados anteriormente,P
2311-7/00,Fabricação de vidro plano e de segurança,NA
2312-5/00,Fabricação de embalagens de vidro,P
2319-2/00,Fabricação de artigos de vidro,NA
2320-6/00,Fabricação de cimento,NA
2330-3/01,"Fabricação de estruturas pré-moldadas de concreto armado, em série e sob encomenda",NA
2330-3/02,Fabricação de artefatos de cimento para uso na construção,NA
2330-3/03,Fabricação de artefatos de fibrocimento para uso na construção,NA
2330-3/04,Fabricação de casas pré-moldadas de concreto,NA
2330-3/05,Preparação de massa de concreto e argamassa para construção,NA
2330-3/99,"Fabricação de outros artefatos e produtos de concreto, cimento, fibrocimento, gesso e materiais semelhantes",NA
2341-9/00,Fabricação de produtos cerâmicos refratários,NA
2342-7/01,Fabricação de azulejos e pisos,NA
2342-7/02,"Fabricação de artefatos de cerâmica e barro cozido para uso na construção, exceto azulejos e pisos",NA
2349-4/01,Fabricação de material sanitário de cerâmica,NA
2349-4/99,Fabricação de produtos cerâmicos não refratários não especificados anteriormente,NA
2391-5/01,"Britamento de pedras, exceto associado à extração",NA
2391-5/02,"Aparelhamento de pedras para construção, exceto associado à extração",NA
2391-5/03,"Aparelhamento de placas e execução de trabalhos em mármore, granito, ardósia e outras pedras",NA
2392-3/00,Fabricação de cal e gesso,NA
2399-1/01,"Decoração, lapidação, gravação, vitrificação e outros trabalhos em cerâmica, louça, vidro e cristal",NA
2399-1/02,Fabricação de abrasivos,NA
2399-1/99,Fabricação de outros produtos de minerais não metálicos não especificados anteriormente,NA
2411-3/00,Produção de ferro-gusa,NA
2412-1/00,Produção de ferroligas,NA
2421-1/00,Produção de semiacabados de aço,NA
2422-9/01,"Produção de laminados planos de aço ao carbono, revestidos ou não",NA
2422-9/02,Produção de laminados planos de aços especiais,NA
2423-7/01,Produção de tubos de aço sem costura,NA
2423-7/02,"Produção de laminados longos de aço, exceto tubos",NA
2424-5/01,Produção de arames de aço,NA
2424-5/02,"Produção de relaminados, trefilados e perfilados de aço, exceto arames",NA
2431-8/00,Produção de tubos de aço com costura,NA
2439-3/00,Produção de outros tubos de ferro e aço,NA
2441-5/01,Produção de alumínio e suas ligas em formas primárias,NA
2441-5/02,Produção de laminados de alumínio,NA
2442-3/00,Metalurgia dos metais preciosos,NA
2443-1/00,Metalurgia do cobre,NA
2449-1/01,Produção de zinco em formas primárias,NA
2449-1/02,Produção de laminados de zinco,NA
2449-1/03,Fabricação de ânodos para galvanoplastia,NA
2449-1/99,Metalurgia de outros metais não ferrosos e suas ligas não especificados anteriormente,NA
2451-2/00,Fundição de ferro e aço,NA
2452-1/00,Fundição de metais não ferrosos e suas ligas,NA
2511-0/00,Fabricação de estruturas metálicas,NA
2512-8/00,Fabricação de esquadrias de metal,NA
2513-6/00,Fabricação de obras de caldeiraria pesada,NA
2521-7/00,Fabricação de tanques reservatórios metálicos e caldeiras para aquecimento central,NA
2522-5/00,"Fabricação de caldeiras geradoras de vapor, exceto para aquecimento central e para veículos",NA
2531-4/01,Produção de forjados de aço,NA
2531-4/02,Produção de forjados de metais não ferrosos e suas ligas,NA
2532-2/01,Produção de artefatos estampados de metal,NA
2532-2/02,Metalurgia do pó,NA
2539-0/01,"Serviços de usinagem, torneiria e solda",NA
2539-0/02,Serviços de tratamento e revestimento em metais,NA
2541-1/00,Fabricação de artigos de cutelaria,NA
2542-0/00,"Fabricação de artigos de serralheria, exceto esquadrias",NA
2543-8/00,Fabricação de ferramentas,NA
2550-1/01,"Fabricação de equipamento bélico pesado, exceto veículos militares de combate",NA
2550-1/02,"Fabricação de armas de fogo, outras armas e munições",NA
2591-8/00,Fabricação de embalagens metálicas,P
2592-6/01,Fabricação de produtos de trefilados de metal padronizados,NA
2592-6/02,"Fabricação de produtos de trefilados de metal, exceto padronizados",NA
2593-4/00,Fabricação de artigos de metal para uso doméstico e pessoal,NA
2599-3/01,Serviços de confecção de armações metálicas para a construção,NA
2599-3/02,Serviço de corte e dobra de metais,NA
2599-3/99,Fabricação de outros produtos de metal não especificados anteriormente,NA
2610-8/00,Fabricação de componentes eletrônicos,NA
2621-3/00,Fabricação de equipamentos de informática,NA
2622-1/00,Fabricação de periféricos para equipamentos de informática,NA
2631-1/00,"Fabricação de equipamentos transmissores de comunicação, peças e acessórios",NA
2632-9/00,"Fabricação de aparelhos telefônicos e de outros equipamentos de comunicação, peças e acessórios",NA
2640-0/00,"Fabricação de aparelhos de recepção, reprodução, gravação e amplificação de áudio e vídeo",NA
2651-5/00,"Fabricação de aparelhos e equipamentos de medida, teste e controle",NA
2652-3/00,Fabricação de cronômetros e relógios,NA
2660-4/00,Fabricação de aparelhos eletromédicos e eletroterapêuticos e equipamentos de irradiação,P
2670-1/01,"Fabricação de equipamentos e instrumentos ópticos, peças e acessórios",P
2670-1/02,"Fabricação de aparelhos fotográficos e cinematográficos, peças e acessórios",NA
2680-9/00,"Fabricação de mídias virgens, magnéticas e ópticas",NA
2710-4/01,"Fabricação de geradores de corrente contínua e alternada, peças e acessórios",NA
2710-4/02,"Fabricação de transformadores, indutores, conversores, sincronizadores e semelhantes, peças e acessórios",NA
2710-4/03,"Fabricação de motores elétricos, peças e acessórios",NA
2721-0/00,"Fabricação de pilhas, baterias e acumuladores elétricos, exceto para veículos automotores",NA
2722-8/01,Fabricação de baterias e acumuladores para veículos automotores,NA
2722-8/02,Recondicionamento de baterias e acumuladores para veículos automotores,NA
2731-7/00,Fabricação de aparelhos e equipamentos para distribuição e controle de energia elétrica,NA
2732-5/00,Fabricação de material elétrico para instalações em circuito de consumo,NA
2733-3/00,Fabricação de fios cabos e condutores elétricos isolados,NA
2740-6/01,Fabricação de lâmpadas,NA
2740-6/02,Fabricação de luminárias e outros equipamentos de iluminação,NA
2751-1/00,"Fabricação de fogões, refrigeradores e máquinas de lavar e secar para uso doméstico, peças e acessórios",NA
2759-7/01,"Fabricação de aparelhos elétricos de uso pessoal, peças e acessórios",NA
2759-7/99,"Fabricação de outros aparelhos eletrodomésticos não especificados anteriormente, peças e acessórios",NA
2790-2/01,"Fabricação de eletrodos, contatos e outros artigos de carvão e grafita para uso elétrico, eletroímãs e isoladores",NA
2790-2/02,Fabricação de equipamentos para sinalização e alarme,NA
2790-2/99,Fabricação de outros equipamentos e aparelhos elétricos não especificados anteriormente,NA
2811-9/00,"Fabricação de motores e turbinas, peças e acessórios, exceto para aviões e veículos rodoviários",NA
2812-7/00,"Fabricação de equipamentos hidráulicos e pneumáticos, peças e acessórios, exceto válvulas",NA
2813-5/00,"Fabricação de válvulas, registros e dispositivos semelhantes, peças e acessórios",NA
2814-3/01,"Fabricação de compressores para uso industrial, peças e acessórios",NA
2814-3/02,"Fabricação de compressores para uso não industrial, peças e acessórios",NA
2815-1/01,Fabricação de rolamentos para fins industriais,NA
2815-1/02,"Fabricação de equipamentos de transmissão para fins industriais, exceto rolamentos",NA
2821-6/01,"Fabricação de fornos industriais, aparelhos e equipamentos não elétricos para instalações térmicas, peças e acessórios",NA
2821-6/02,"Fabricação de estufas e fornos elétricos para fins industriais, peças e acessórios",NA
2822-4/01,"Fabricação de máquinas, equipamentos e aparelhos para transporte e elevação de pessoas, peças e acessórios",NA
2822-4/02,"Fabricação de máquinas, equipamentos e aparelhos para transporte e elevação de cargas, peças e acessórios",NA
2823-2/00,"Fabricação de máquinas e aparelhos de refrigeração e ventilação para uso industrial e comercial, peças e acessórios",NA
2824-1/01,Fabricação de aparelhos e equipamentos de ar condicionado para uso industrial,NA
2824-1/02,Fabricação de aparelhos e equipamentos de ar condicionado para uso não industrial,NA
2825-9/00,"Fabricação de máquinas e equipamentos para saneamento básico e ambiental, peças e acessórios",NA
2829-1/01,"Fabricação de máquinas de escrever, calcular e outros equipamentos não eletrônicos para escritório, peças e acessórios",NA
2829-1/99,"Fabricação de outras máquinas e equipamentos de uso geral não especificados anteriormente, peças e acessórios",P
2831-3/00,"Fabricação de tratores agrícolas, peças e acessórios",NA
2832-1/00,"Fabricação de equipamentos para irrigação agrícola, peças e acessórios",NA
2833-0/00,"Fabricação de máquinas e equipamentos para a agricultura e pecuária, peças e acessórios, exceto para irrigação",NA
2840-2/00,"Fabricação de máquinas-ferramenta, peças e acessórios",NA
2851-8/00,"Fabricação de máquinas e equipamentos para a prospecção e extração de petróleo, peças e acessórios",NA
2852-6/00,"Fabricação de outras máquinas e equipamentos para uso na extração mineral, peças e acessórios, exceto na extração de petróleo",NA
2853-4/00,"Fabricação de tratores, peças e acessórios, exceto agrícolas",NA
2854-2/00,"Fabricação de máquinas e equipamentos para terraplenagem, pavimentação e construção, peças e acessórios, exceto tratores",NA
2861-5/00,"Fabricação de máquinas para a indústria metalúrgica, peças e acessórios, exceto máquinas-ferramenta",NA
2862-3/00,"Fabricação de máquinas e equipamentos para as indústrias de alimentos, bebidas e fumo, peças e acessórios",NA
2863-1/00,"Fabricação de máquinas e equipamentos para a indústria têxtil, peças e acessórios",NA
2864-0/00,"Fabricação de máquinas e equipamentos para as indústrias do vestuário, do couro e de calçados, peças e acessórios",NA
2865-8/00,"Fabricação de máquinas e equipamentos para as indústrias de celulose, papel e papelão e artefatos, peças e acessórios",NA
2866-6/00,"Fabricação de máquinas e equipamentos para a indústria do plástico, peças e acessórios",NA
2869-1/00,"Fabricação de máquinas e equipamentos para uso industrial específico não especificados anteriormente, peças e acessórios",NA
2910-7/01,Fabricação de automóveis camionetas e utilitários,NA
2910-7/02,"Fabricação de chassis com motor para automóveis, camionetas e utilitários",NA
2910-7/03,"Fabricação de motores para automóveis, camionetas e utilitários",NA
2920-4/01,Fabricação de caminhões e ônibus,NA
2920-4/02,Fabricação de motores para caminhões e ônibus,NA
2930-1/01,Fabricação de cabines carrocerias e reboques para caminhões,NA
2930-1/02,Fabricação de carrocerias para ônibus,NA
2930-1/03,"Fabricação de cabines, carrocerias e reboques para outros veículos automotores, exceto caminhões e ônibus",NA
2941-7/00,Fabricação de peças e acessórios para o sistema motor de veículos automotores,NA
2942-5/00,Fabricação de peças e acessórios para os sistemas de marcha e transmissão de veículos automotores,NA
2943-3/00,Fabricação de peças e acessórios para o sistema de freios de veículos automotores,NA
2944-1/00,Fabricação de peças e acessórios para o sistema de direção e suspensão de veículos automotores,NA
2945-0/00,"Fabricação de material elétrico e eletrônico para veículos automotores, exceto baterias",NA
2949-2/01,Fabricação de bancos e estofados para veículos automotores,NA
2949-2/99,Fabricação de outras peças e acessórios para veículos automotores não especificadas anteriormente,NA
2950-6/00,Recondicionamento e recuperação de motores para veículos automotores,NA
3011-3/01,Construção de embarcações de grande porte,NA
3011-3/02,"Construção de embarcações para uso comercial e para usos especiais, exceto de grande porte",NA
3012-1/00,Construção de embarcações para esporte e lazer,NA
3031-8/00,Fabricação de locomotivas vagões e outros materiais rodantes,NA
3032-6/00,Fabricação de peças e acessórios para veículos ferroviários,NA
3041-5/00,Fabricação de aeronaves,NA
3042-3/00,"Fabricação de turbinas, motores e outros componentes e peças para aeronaves",NA
3050-4/00,Fabricação de veículos militares de combate,NA
3091-1/01,Fabricação de motocicletas,NA
3091-1/02,Fabricação de peças e acessórios para motocicletas,NA
3092-0/00,"Fabricação de bicicletas e triciclos não motorizados, peças e acessórios",P
3099-7/00,Fabricação de equipamentos de transporte não especificados anteriormente,NA
3101-2/00,Fabricação de móveis com predominância de madeira,NA
3102-1/00,Fabricação de móveis com predominância de metal,NA
3103-9/00,"Fabricação de móveis de outros materiais, exceto madeira e metal",NA
3104-7/00,Fabricação de colchões,NA
3211-6/01,Lapidação de gemas,NA
3211-6/02,Fabricação de artefatos de joalheria e ourivesaria,NA
3211-6/03,Cunhagem de moedas e medalhas,NA
3212-4/00,Fabricação de bijuterias e artefatos semelhantes,NA
3220-5/00,"Fabricação de instrumentos musicais, peças e acessórios",NA
3230-2/00,Fabricação de artefatos para pesca e esporte,NA
3240-0/01,Fabricação de jogos eletrônicos,NA
3240-0/02,Fabricação de mesas de bilhar de sinuca e acessórios não associada à locação,NA
3240-0/03,Fabricação de mesas de bilhar de sinuca e acessórios associada à locação,NA
3240-0/99,Fabricação de outros brinquedos e jogos recreativos não especificados anteriormente,NA
3250-7/01,"Fabricação de instrumentos não eletrônicos e utensílios para uso médico, cirúrgico, odontológico e de laboratório",P
3250-7/02,"Fabricação de mobiliário para uso médico, cirúrgico, odontológico e de laboratório",P
3250-7/03,Fabricação de aparelhos e utensílios para correção de defeitos físicos e aparelhos ortopédicos em geral sob encomenda,P
3250-7/04,"Fabricação de aparelhos e utensílios para correção de defeitos físicos e aparelhos ortopédicos em geral, exceto sob encomenda",P
3250-7/05,Fabricação de materiais para medicina e odontologia,P
3250-7/06,Serviços de prótese dentária,I
3250-7/07,Fabricação de artigos ópticos,P
3250-7/09,Serviço de laboratório óptico,II
3291-4/00,"Fabricação de escovas, pincéis e vassouras",P
3292-2/01,Fabricação de roupas de proteção e segurança e resistentes a fogo,NA
3292-2/02,Fabricação de equipamentos e acessórios para segurança pessoal e profissional,P
3299-0/01,Fabricação de guarda-chuvas e similares,NA
3299-0/02,"Fabricação de canetas, lápis e outros artigos para escritório",NA
3299-0/03,"Fabricação de letras, letreiros e placas de qualquer material, exceto luminosos",NA
3299-0/04,Fabricação de painéis e letreiros luminosos,NA
3299-0/05,Fabricação de aviamentos para costura,NA
3299-0/06,"Fabricação de velas, inclusive decorativas",P
3299-0/99,Fabricação de produtos diversos não especificados anteriormente,NA
3311-2/00,"Manutenção e reparação de tanques, reservatórios metálicos e caldeiras, exceto para veículos",NA
3312-1/02,Manutenção e reparação de aparelhos e instrumentos de medida teste e controle,NA
3312-1/03,Manutenção e reparação de aparelhos eletromédicos e eletroterapêuticos e equipamentos de irradiação,P
3312-1/04,Manutenção e reparação de equipamentos e instrumentos ópticos,NA
3313-9/01,Manutenção e reparação de geradores transformadores e motores elétricos,NA
3313-9/02,"Manutenção e reparação de baterias e acumuladores elétricos, exceto para veículos",NA
3313-9/99,Manutenção e reparação de máquinas aparelhos e materiais elétricos não especificados anteriormente,NA
3314-7/01,Manutenção e reparação de máquinas motrizes não elétricas,NA
3314-7/02,"Manutenção e reparação de equipamentos hidráulicos e pneumáticos, exceto válvulas",NA
3314-7/03,Manutenção e reparação de válvulas industriais,NA
3314-7/04,Manutenção e reparação de compressores,NA
3314-7/05,Manutenção e reparação de equipamentos de transmissão para fins industriais,NA
3314-7/06,"Manutenção e reparação de máquinas, aparelhos e equipamentos para instalações térmicas",NA
3314-7/07,Manutenção e reparação de máquinas e aparelhos de refrigeração e ventilação para uso industrial e comercial,NA
3314-7/08,Manutenção e reparação de máquinas equipamentos e aparelhos para transporte e elevação de cargas,NA
3314-7/09,"Manutenção e reparação de máquinas de escrever, calcular e de outros equipamentos não eletrônicos para escritório",NA
3314-7/10,Manutenção e reparação de máquinas e equipamentos para uso geral não especificados anteriormente,NA
3314-7/11,Manutenção e reparação de máquinas e equipamentos para agricultura e pecuária,NA
3314-7/12,Manutenção e reparação de tratores agrícolas,NA
3314-7/13,Manutenção e reparação de máquinas-ferramenta,NA
3314-7/14,Manutenção e reparação de máquinas e equipamentos para a prospecção e extração de petróleo,NA
3314-7/15,"Manutenção e reparação de máquinas e equipamentos para uso na extração mineral, exceto na extração de petróleo",NA
3314-7/16,"Manutenção e reparação de tratores, exceto agrícolas",NA
3314-7/17,"Manutenção e reparação de máquinas e equipamentos de terraplenagem, pavimentação e construção, exceto tratores",NA
3314-7/18,"Manutenção e reparação de máquinas para a indústria metalúrgica, exceto máquinas-ferramenta",NA
3314-7/19,"Manutenção e reparação de máquinas e equipamentos para as indústrias de alimentos, bebidas e fumo",NA
3314-7/20,"Manutenção e reparação de máquinas e equipamentos para a indústria têxtil, do vestuário, do couro e calçados",NA
3314-7/21,"Manutenção e reparação de máquinas e aparelhos para a indústria de celulose, papel e papelão e artefatos",NA
3314-7/22,Manutenção e reparação de máquinas e aparelhos para a indústria do plástico,NA
3314-7/99,Manutenção e reparação de outras máquinas e equipamentos para usos industriais não especificados anteriormente,NA
3315-5/00,Manutenção e reparação de veículos ferroviários,NA
3316-3/01,"Manutenção e reparação de aeronaves, exceto a manutenção na pista",NA
3316-3/02,Manutenção de aeronaves na pista,NA
3317-1/01,Manutenção e reparação de embarcações e estruturas flutuantes,NA
3317-1/02,Manutenção e reparação de embarcações para esporte e lazer,NA
3319-8/00,Manutenção e reparação de equipamentos e produtos não especificados anteriormente,NA
3321-0/00,Instalação de máquinas e equipamentos industriais,NA
3329-5/01,Serviços de montagem de móveis de qualquer material,NA
3329-5/99,Instalação de outros equipamentos não especificados anteriormente,NA
3511-5/01,Geração de energia elétrica,NA
3511-5/02,Atividades de coordenação e controle da operação da geração e transmissão de energia elétrica,NA
3512-3/00,Transmissão de energia elétrica,NA
3513-1/00,Comércio atacadista de energia elétrica,NA
3514-0/00,Distribuição de energia elétrica,NA
3520-4/01,Produção de gás; processamento de gás natural,NA
3520-4/02,Distribuição de combustíveis gasosos por redes urbanas,NA
3530-1/00,"Produção e distribuição de vapor, água quente e ar condicionado",NA
3600-6/01,Captação tratamento e distribuição de água,NA
3600-6/02,Distribuição de água por caminhões,III
3701-1/00,Gestão de redes de esgoto,NA
3702-9/00,"Atividades relacionadas a esgoto, exceto a gestão de redes",NA
3811-4/00,Coleta de resíduos não perigosos,NA
3812-2/00,Coleta de resíduos perigosos,NA
3821-1/00,Tratamento e disposição de resíduos não perigosos,NA
3822-0/00,Tratamento e disposição de resíduos perigosos,NA
3831-9/01,Recuperação de sucatas de alumínio,NA
3831-9/99,"Recuperação de materiais metálicos, exceto alumínio",NA
3832-7/00,Recuperação de materiais plásticos,NA
3839-4/01,Usinas de compostagem,NA
3839-4/99,Recuperação de materiais não especificados anteriormente,NA
3900-5/00,Descontaminação e outros serviços de gestão de resíduos,NA
4110-7/00,Incorporação de empreendimentos imobiliários,NA
4120-4/00,Construção de edifícios,NA
4211-1/01,Construção de rodovias e ferrovias,NA
4211-1/02,Pintura para sinalização em pistas rodoviárias e aeroportos,NA
4212-0/00,Construção de obras de arte especiais,NA
4213-8/00,"Obras de urbanização - ruas, praças e calçadas",NA
4221-9/01,Construção de barragens e represas para geração de energia elétrica,NA
4221-9/02,Construção de estações e redes de distribuição de energia elétrica,NA
4221-9/03,Manutenção de redes de distribuição de energia elétrica,NA
4221-9/04,Construção de estações e redes de telecomunicações,NA
4221-9/05,Manutenção de estações e redes de telecomunicações,NA
4222-7/01,"Construção de redes de abastecimento de água, coleta de esgoto e construções correlatas, exceto obras de irrigação",NA
4222-7/02,Obras de irrigação,NA
4223-5/00,"Construção de redes de transportes por dutos, exceto para água e esgoto",NA
4291-0/00,"Obras portuárias, marítimas e fluviais",NA
4292-8/01,Montagem de estruturas metálicas,NA
4292-8/02,Obras de montagem industrial,NA
4299-5/01,Construção de instalações esportivas e recreativas,NA
4299-5/99,Outras obras de engenharia civil não especificadas anteriormente,NA
4311-8/01,Demolição de edifícios e outras estruturas,NA
4311-8/02,Preparação de canteiro e limpeza de terreno,NA
4312-6/00,Perfurações e sondagens,NA
4313-4/00,Obras de terraplenagem,NA
4319-3/00,Serviços de preparação do terreno não especificados anteriormente,NA
4321-5/00,Instalação e manutenção elétrica,NA
4322-3/01,"Instalações hidráulicas, sanitárias e de gás",NA
4322-3/02,Instalação e manutenção de sistemas centrais de ar condicionado de ventilação e refrigeração,NA
4322-3/03,Instalações de sistema de prevenção contra incêndio,NA
4329-1/01,Instalação de painéis publicitários,NA
4329-1/02,"Instalação de equipamentos para orientação à navegação marítima, fluvial e lacustre",NA
4329-1/03,"Instalação, manutenção e reparação de elevadores, escadas e esteiras rolantes",NA
4329-1/04,Montagem e instalação de sistemas e equipamentos de iluminação e sinalização em vias públicas portos e aeroportos,NA
4329-1/05,"Tratamentos térmicos, acústicos ou de vibração",NA
4329-1/99,Outras obras de instalações em construções não especificadas anteriormente,NA
4330-4/01,Impermeabilização em obras de engenharia civil,NA
4330-4/02,"Instalação de portas, janelas, tetos, divisórias e armários embutidos de qualquer material",NA
4330-4/03,Obras de acabamento em gesso e estuque,NA
4330-4/04,Serviços de pintura de edifícios em geral,NA
4330-4/05,Aplicação de revestimentos e de resinas em interiores e exteriores,NA
4330-4/99,Outras obras de acabamento da construção,NA
4391-6/00,Obras de fundações,NA
4399-1/01,Administração de obras,NA
4399-1/02,Montagem e desmontagem de andaimes e outras estruturas temporárias,NA
4399-1/03,Obras de alvenaria,NA
4399-1/04,Serviços de operação e fornecimento de equipamentos para transporte e elevação de cargas e pessoas para uso em obras,NA
4399-1/05,Perfuração e construção de poços de água,NA
4399-1/99,Serviços especializados para construção não especificados anteriormente,NA
4511-1/01,Comércio a varejo de automóveis camionetas e utilitários novos,NA
4511-1/02,Comércio a varejo de automóveis camionetas e utilitários usados,NA
4511-1/03,Comércio por atacado de automóveis camionetas e utilitários novos e usados,NA
4511-1/04,Comércio por atacado de caminhões novos e usados,NA
4511-1/05,Comércio por atacado de reboques e semireboques novos e usados,NA
4511-1/06,Comércio por atacado de ônibus e micro-ônibus novos e usados,NA
4512-9/01,Representantes comerciais e agentes do comércio de veículos automotores,NA
4512-9/02,Comércio sob consignação de veículos automotores,NA
4520-0/01,Serviços de manutenção e reparação mecânica de veículos automotores,NA
4520-0/02,Serviços de lanternagem ou funilaria e pintura de veículos automotores,NA
4520-0/03,Serviços de manutenção e reparação elétrica de veículos automotores,NA
4520-0/04,Serviços de alinhamento e balanceamento de veículos automotores,NA
4520-0/05,Serviços de lavagem lubrificação e polimento de veículos automotores,NA
4520-0/06,Serviços de borracharia para veículos automotores,NA
4520-0/07,Serviços de instalação manutenção e reparação de acessórios para veículos automotores,NA
4520-0/08,Serviços de capotaria,NA
4530-7/01,Comércio por atacado de peças e acessórios novos para veículos automotores,NA
4530-7/02,Comércio por atacado de pneumáticos e câmaras-de-ar,NA
4530-7/03,Comércio a varejo de peças e acessórios novos para veículos automotores,NA
4530-7/04,Comércio a varejo de peças e acessórios usados para veículos automotores,NA
4530-7/05,Comércio a varejo de pneumáticos e câmaras-de-ar,NA
4530-7/06,Representantes comerciais e agentes do comércio de peças e acessórios novos e usados para veículos automotores,NA
4541-2/01,Comércio por atacado de motocicletas e motonetas,NA
4541-2/02,Comércio por atacado de peças e acessórios para motocicletas e motonetas,NA
4541-2/03,Comércio a varejo de motocicletas e motonetas novas,NA
4541-2/04,Comércio a varejo de motocicletas e motonetas usadas,NA
4541-2/06,Comércio a varejo de peças e acessórios novos para motocicletas e motonetas,NA
4541-2/07,Comércio a varejo de peças e acessórios usados para motocicletas e motonetas,NA
4542-1/01,"Representantes comerciais e agentes do comércio de motocicletas e motonetas, peças e acessórios",NA
4542-1/02,Comércio sob consignação de motocicletas e motonetas,NA
4543-9/00,Manutenção e reparação de motocicletas e motonetas,NA
4611-7/00,Representantes comerciais e agentes do comércio de matérias-primas agrícolas e animais vivos,NA
4612-5/00,"Representantes comerciais e agentes do comércio de combustíveis, minerais, produtos siderúrgicos e químicos",NA
4613-3/00,"Representantes comerciais e agentes do comércio de madeira, material de construção e ferragens",NA
4614-1/00,"Representantes comerciais e agentes do comércio de máquinas, equipamentos, embarcações e aeronaves",NA
4615-0/00,"Representantes comerciais e agentes do comércio de eletrodomésticos, móveis e artigos de uso doméstico",NA
4616-8/00,"Representantes comerciais e agentes do comércio de têxteis, vestuário, calçados e artigos de viagem",NA
4617-6/00,"Representantes comerciais e agentes do comércio de produtos alimentícios, bebidas e fumo",NA
4618-4/01,"Representantes comerciais e agentes do comércio de medicamentos, cosméticos e produtos de perfumaria",NA
4618-4/02,Representantes comerciais e agentes do comércio de instrumentos e materiais odonto-médico-hospitalares,NA
4618-4/03,"Representantes comerciais e agentes do comércio de jornais, revistas e outras publicações",NA
4618-4/99,Outros representantes comerciais e agentes do comércio especializado em produtos não especificados anteriormente,NA
4619-2/00,Representantes comerciais e agentes do comércio de mercadorias em geral não especializado,NA
4621-4/00,Comércio atacadista de café em grão,II
4622-2/00,Comércio atacadista de soja,I
4623-1/01,Comércio atacadista de animais vivos,NA
4623-1/02,"Comércio atacadista de couros, lãs, peles e outros subprodutos não comestíveis de origem animal",NA
4623-1/03,Comércio atacadista de algodão,NA
4623-1/04,Comércio atacadista de fumo em folha não beneficiado,NA
4623-1/05,Comércio atacadista de cacau,I
4623-1/06,"Comércio atacadista de sementes, flores, plantas e gramas",NA
4623-1/07,Comércio atacadista de sisal,NA
4623-1/08,Comércio atacadista de matérias-primas agrícolas com atividade de fracionamento e acondicionamento associada,NA
4623-1/09,Comércio atacadista de alimentos para animais,NA
4623-1/99,Comércio atacadista de matérias-primas agrícolas não especificadas anteriormente,NA
4631-1/00,Comércio atacadista de leite e laticínios,II
4632-0/01,Comércio atacadista de cereais e leguminosas beneficiados,II
4632-0/02,Comércio atacadista de farinhas amidos e féculas,II
4632-0/03,"Comércio atacadista de cereais e leguminosas beneficiados, farinhas, amidos e féculas, com atividade de fracionamento e acondicionamento associada",III
4633-8/01,"Comércio atacadista de frutas, verduras, raízes, tubérculos, hortaliças e legumes frescos",II
4633-8/02,Comércio atacadista de aves vivas e ovos,I
4633-8/03,Comércio atacadista de coelhos e outros pequenos animais vivos para alimentação,NA
4634-6/01,Comércio atacadista de carnes bovinas e suínas e derivados,II
4634-6/02,Comércio atacadista de aves abatidas e derivados,II
4634-6/03,Comércio atacadista de pescados e frutos do mar,II
4634-6/99,Comércio atacadista de carnes e derivados de outros animais,II
4635-4/01,Comércio atacadista de água mineral,I
4635-4/02,Comércio atacadista de cerveja chope e refrigerante,I
4635-4/03,Comércio atacadista de bebidas com atividade de fracionamento e acondicionamento associada,P
4635-4/99,Comércio atacadista de bebidas não especificadas anteriormente,I
4636-2/01,Comércio atacadista de fumo beneficiado,I
4636-2/02,"Comércio atacadista de cigarros, cigarrilhas e charutos",I
4637-1/01,"Comércio atacadista de café torrado, moído e solúvel",I
4637-1/02,Comércio atacadista de açúcar,I
4637-1/03,Comércio atacadista de óleos e gorduras,II
4637-1/04,"Comércio atacadista de pães, bolos, biscoitos e similares",I
4637-1/05,Comércio atacadista de massas alimentícias,II
4637-1/06,Comércio atacadista de sorvetes,II
4637-1/07,"Comércio atacadista de chocolates, confeitos, balas, bombons e semelhantes",I
4637-1/99,Comércio atacadista especializado em outros produtos alimentícios não especificados anteriormente,II
4639-7/01,Comércio atacadista de produtos alimentícios em geral,I
4639-7/02,Comércio atacadista de produtos alimentícios em geral com atividade de fracionamento e acondicionamento associada,III
4641-9/01,Comércio atacadista de tecidos,NA
4641-9/02,Comércio atacadista de artigos de cama mesa e banho,NA
4641-9/03,Comércio atacadista de artigos de armarinho,NA
4642-7/01,"Comércio atacadista de artigos do vestuário e acessórios, exceto profissionais e de segurança",NA
4642-7/02,Comércio atacadista de roupas e acessórios para uso profissional e de segurança do trabalho,P
4643-5/01,Comércio atacadista de calçados,NA
4643-5/02,"Comércio atacadista de bolsas, malas e artigos de viagem",NA
4644-3/01,Comércio atacadista de medicamentos e drogas de uso humano,III
4644-3/02,Comércio atacadista de medicamentos e drogas de uso veterinário,NA
4645-1/01,"Comércio atacadista de instrumentos e materiais para uso médico, cirúrgico, hospitalar e de laboratórios",P
4645-1/02,Comércio atacadista de próteses e artigos de ortopedia,P
4645-1/03,Comércio atacadista de produtos odontológicos,P
4646-0/01,Comércio atacadista de cosméticos e produtos de perfumaria,III
4646-0/02,Comércio atacadista de produtos de higiene pessoal,III
4647-8/01,Comércio atacadista de artigos de escritório e de papelaria,NA
4647-8/02,"Comércio atacadista de livros, jornais e outras publicações",NA
4649-4/01,Comércio atacadista de equipamentos elétricos de uso pessoal e doméstico,P
4649-4/02,Comércio atacadista de aparelhos eletrônicos de uso pessoal e doméstico,NA
4649-4/03,Comércio atacadista de bicicletas triciclos e outros veículos recreativos,NA
4649-4/04,Comércio atacadista de móveis e artigos de colchoaria,NA
4649-4/05,Comércio atacadista de artigos de tapeçaria; persianas e cortinas,NA
4649-4/06,"Comércio atacadista de lustres, luminárias e abajures",NA
4649-4/07,"Comércio atacadista de filmes, CDs, DVDs, fitas e discos",NA
4649-4/08,Comércio atacadista de produtos de higiene limpeza e conservação domiciliar,III
4649-4/09,"Comércio atacadista de produtos de higiene, limpeza e conservação domiciliar, com atividade de fracionamento e acondicionamento associada",III
4649-4/10,"Comércio atacadista de jóias, relógios e bijuterias, inclusive pedras preciosas e semipreciosas lapidadas",NA
4649-4/99,Comércio atacadista de outros equipamentos e artigos de uso pessoal e doméstico não especificados anteriormente,NA
4651-6/01,Comércio atacadista de equipamentos de informática,NA
4651-6/02,Comércio atacadista de suprimentos para informática,NA
4652-4/00,Comércio atacadista de componentes eletrônicos e equipamentos de telefonia e comunicação,NA
4661-3/00,"Comércio atacadista de máquinas, aparelhos e equipamentos para uso agropecuário; partes e peças",NA
4662-1/00,"Comércio atacadista de máquinas, equipamentos para terraplenagem, mineração e construção; partes e peças",NA
4663-0/00,Comércio atacadista de máquinas e equipamentos para uso industrial; partes e peças,NA
4664-8/00,"Comércio atacadista de máquinas, aparelhos e equipamentos para uso odonto-médico-hospitalar; partes e peças",P
4665-6/00,Comércio atacadista de máquinas e equipamentos para uso comercial; partes e peças,NA
4669-9/01,Comércio atacadista de bombas e compressores; partes e peças,NA
4669-9/99,Comércio atacadista de outras máquinas e equipamentos não especificados anteriormente; partes e peças,NA
4671-1/00,Comércio atacadista de madeira e produtos derivados,NA
4672-9/00,Comércio atacadista de ferragens e ferramentas,NA
4673-7/00,Comércio atacadista de material elétrico,NA
4674-5/00,Comércio atacadista de cimento,NA
4679-6/01,"Comércio atacadista de tintas, vernizes e similares",NA
4679-6/02,Comércio atacadista de mármores e granitos,NA
4679-6/03,"Comércio atacadista de vidros, espelhos e vitrais",NA
4679-6/04,Comércio atacadista especializado de materiais de construção não especificados anteriormente,NA
4679-6/99,Comércio atacadista de materiais de construção em geral,NA
4681-8/01,"Comércio atacadista de álcool carburante, biodiesel, gasolina e demais derivados de petróleo, exceto lubrificantes, não realizado por transportador retalhista (TRR)",NA
4681-8/02,Comércio atacadista de combustíveis realizado por transportador retalhista (TRR),NA
4681-8/03,"Comércio atacadista de combustíveis de origem vegetal, exceto álcool carburante",NA
4681-8/04,Comércio atacadista de combustíveis de origem mineral em bruto,NA
4681-8/05,Comércio atacadista de lubrificantes,P
4682-6/00,Comércio atacadista de gás liquefeito de petróleo (GLP),NA
4683-4/00,"Comércio atacadista de defensivos agrícolas, adubos, fertilizantes e corretivos do solo",NA
4684-2/01,Comércio atacadista de resinas e elastômeros,P
4684-2/02,Comércio atacadista de solventes,P
4684-2/99,Comércio atacadista de outros produtos químicos e petroquímicos não especificados anteriormente,P
4685-1/00,"Comércio atacadista de produtos siderúrgicos e metalúrgicos, exceto para construção",NA
4686-9/01,Comércio atacadista de papel e papelão em bruto,NA
4686-9/02,Comércio atacadista de embalagens,P
4687-7/01,Comércio atacadista de resíduos de papel e papelão,NA
4687-7/02,"Comércio atacadista de resíduos e sucatas não metálicos, exceto de papel e papelão",NA
4687-7/03,Comércio atacadista de resíduos e sucatas metálicos,NA
4689-3/01,"Comércio atacadista de produtos da extração mineral, exceto combustíveis",NA
4689-3/02,Comércio atacadista de fios e fibras beneficiados,P
4689-3/99,Comércio atacadista especializado em outros produtos intermediários não especificados anteriormente,NA
4691-5/00,"Comércio atacadista de mercadorias em geral, com predominância de produtos alimentícios",P
4692-3/00,"Comércio atacadista de mercadorias em geral, com predominância de insumos agropecuários",NA
4693-1/00,"Comércio atacadista de mercadorias em geral, sem predominância de alimentos ou de insumos agropecuários",P
4711-3/01,"Comércio varejista de mercadorias em geral, com predominância de produtos alimentícios - hipermercados",II
4711-3/02,"Comércio varejista de mercadorias em geral, com predominância de produtos alimentícios - supermercados",II
4712-1/00,"Comércio varejista de mercadorias em geral, com predominância de produtos alimentícios - minimercados, mercearias e armazéns",II
4713-0/02,"Lojas de variedades, exceto lojas de departamentos ou magazines",P
4713-0/04,"Lojas de departamentos ou magazines, exceto lojas francas (Duty free)",P
4713-0/05,"Lojas francas (Duty Free) de aeroportos, portos e em fronteiras terrestres",P
4721-1/02,Padaria e confeitaria com predominância de revenda,II
4721-1/03,Comércio varejista de laticínios e frios,II
4721-1/04,"Comércio varejista de doces, balas, bombons e semelhantes",I
4722-9/01,Comércio varejista de carnes - açougues,P
4722-9/02,Peixaria,III
4723-7/00,Comércio varejista de bebidas,I
4724-5/00,Comércio varejista de hortifrutigranjeiros,I
4729-6/01,Tabacaria,II
4729-6/02,Comércio varejista de mercadorias em lojas de conveniência,P
4729-6/99,Comércio varejista de produtos alimentícios em geral ou especializado em produtos alimentícios não especificados anteriormente,P
4731-8/00,Comércio varejista de combustíveis para veículos automotores,NA
4732-6/00,Comércio varejista de lubrificantes,NA
4741-5/00,Comércio varejista de tintas e materiais para pintura,NA
4742-3/00,Comércio varejista de material elétrico,NA
4743-1/00,Comércio varejista de vidros,NA
4744-0/01,Comércio varejista de ferragens e ferramentas,NA
4744-0/02,Comércio varejista de madeira e artefatos,P
4744-0/03,Comércio varejista de materiais hidráulicos,NA
4744-0/04,"Comércio varejista de cal, areia, pedra britada, tijolos e telhas",NA
4744-0/05,Comércio varejista de materiais de construção não especificados anteriormente,NA
4744-0/06,Comércio varejista de pedras para revestimento,NA
4744-0/99,Comércio varejista de materiais de construção em geral,NA
4751-2/01,Comércio varejista especializado de equipamentos e suprimentos de informática,NA
4751-2/02,Recarga de cartuchos para equipamentos de informática,NA
4752-1/00,Comércio varejista especializado de equipamentos de telefonia e comunicação,NA
4753-9/00,Comércio varejista especializado de eletrodomésticos e equipamentos de áudio e vídeo,NA
4754-7/01,Comércio varejista de móveis,NA
4754-7/02,Comércio varejista de artigos de colchoaria,NA
4754-7/03,Comércio varejista de artigos de iluminação,NA
4755-5/01,Comércio varejista de tecidos,P
4755-5/02,Comercio varejista de artigos de armarinho,NA
4755-5/03,Comercio varejista de artigos de cama mesa e banho,NA
4756-3/00,Comércio varejista especializado de instrumentos musicais e acessórios,NA
4757-1/00,"Comércio varejista especializado de peças e acessórios para aparelhos eletroeletrônicos para uso doméstico, exceto informática e comunicação",NA
4759-8/01,"Comércio varejista de artigos de tapeçaria, cortinas e persianas",NA
4759-8/99,Comércio varejista de outros artigos de uso doméstico não especificados anteriormente,P
4761-0/01,Comércio varejista de livros,NA
4761-0/02,Comércio varejista de jornais e revistas,NA
4761-0/03,Comércio varejista de artigos de papelaria,NA
4762-8/00,"Comércio varejista de discos, CDs, DVDs e fitas",NA
4763-6/01,Comércio varejista de brinquedos e artigos recreativos,NA
4763-6/02,Comércio varejista de artigos esportivos,NA
4763-6/03,Comércio varejista de bicicletas e triciclos; peças e acessórios,NA
4763-6/04,"Comércio varejista de artigos de caça, pesca e camping",NA
4763-6/05,Comércio varejista de embarcações e outros veículos recreativos; peças e acessórios,NA
4771-7/01,"Comércio varejista de produtos farmacêuticos, sem manipulação de fórmulas",III
4771-7/02,"Comércio varejista de produtos farmacêuticos, com manipulação de fórmulas",III
4771-7/03,Comércio varejista de produtos farmacêuticos homeopáticos,III
4771-7/04,Comércio varejista de medicamentos veterinários,NA
4772-5/00,"Comércio varejista de cosméticos, produtos de perfumaria e de higiene pessoal",II
4773-3/00,Comércio varejista de artigos médicos e ortopédicos,P
4774-1/00,Comércio varejista de artigos de óptica,I
4781-4/00,Comércio varejista de artigos do vestuário e acessórios,NA
4782-2/01,Comércio varejista de calçados,NA
4782-2/02,Comércio varejista de artigos de viagem,NA
4783-1/01,Comércio varejista de artigos de joalheria,NA
4783-1/02,Comércio varejista de artigos de relojoaria,NA
4784-9/00,Comércio varejista de gás liqüefeito de petróleo (GLP),NA
4785-7/01,Comércio varejista de antiguidades,NA
4785-7/99,Comércio varejista de outros artigos usados,NA
4789-0/01,Comércio varejista de suvenires bijuterias e artesanatos,NA
4789-0/02,Comércio varejista de plantas e flores naturais,NA
4789-0/03,Comércio varejista de objetos de arte,NA
4789-0/04,Comércio varejista de animais vivos e de artigos e alimentos para animais de estimação,NA
4789-0/05,Comércio varejista de produtos saneantes domissanitários,II
4789-0/06,Comércio varejista de fogos de artificio e artigos pirotécnicos,NA
4789-0/07,Comércio varejista de equipamentos para escritório,NA
4789-0/08,Comércio varejista de artigos fotográficos e para filmagem,NA
4789-0/09,Comércio varejista de armas e munições,NA
4789-0/99,Comércio varejista de outros produtos não especificados anteriormente,P
4911-6/00,Transporte ferroviário de carga,P
4912-4/01,Transporte ferroviário de passageiros intermunicipal e interestadual,I
4912-4/02,Transporte ferroviário de passageiros municipal e em região metropolitana,I
4912-4/03,Transporte metroviário,I
4921-3/01,"Transporte rodoviário coletivo de passageiros, com itinerário fixo, municipal",I
4921-3/02,"Transporte rodoviário coletivo de passageiros, com itinerário fixo, intermunicipal em região metropolitana",I
4922-1/01,"Transporte rodoviário coletivo de passageiros, com itinerário fixo, intermunicipal, exceto em região metropolitana",I
4922-1/02,"Transporte rodoviário coletivo de passageiros, com itinerário fixo, interestadual",I
4922-1/03,"Transporte rodoviário coletivo de passageiros, com itinerário fixo, internacional",I
4923-0/01,Serviço de táxi,NA
4923-0/02,Serviço de transporte de passageiros - locação de automóveis com motorista,NA
4924-8/00,Transporte escolar,NA
4929-9/01,"Transporte rodoviário coletivo de passageiros, sob regime de fretamento, municipal",I
4929-9/02,"Transporte rodoviário coletivo de passageiros, sob regime de fretamento, intermunicipal, interestadual e internacional",I
4929-9/03,"Organização de excursões em veículos rodoviários próprios, municipal",I
4929-9/04,"Organização de excursões em veículos rodoviários próprios, intermunicipal, interestadual e internacional",I
4929-9/99,Outros transportes rodoviários de passageiros não especificados anteriormente,I
4930-2/01,"Transporte rodoviário de carga, exceto produtos perigosos e mudanças, municipal",P
4930-2/02,"Transporte rodoviário de carga, exceto produtos perigosos e mudanças, intermunicipal, interestadual e internacional",P
4930-2/03,Transporte rodoviário de produtos perigosos,P
4930-2/04,Transporte rodoviário de mudanças,NA
4940-0/00,Transporte dutoviário,NA
4950-7/00,"Trens turísticos, teleféricos e similares",I
5011-4/01,Transporte marítimo de cabotagem - carga,NA
5011-4/02,Transporte marítimo de cabotagem - passageiros,NA
5012-2/01,Transporte marítimo de longo curso - carga,NA
5012-2/02,Transporte marítimo de longo curso - passageiros,NA
5021-1/01,"Transporte por navegação interior de carga, municipal, exceto travessia",P
5021-1/02,"Transporte por navegação interior de carga, intermunicipal, interestadual e internacional, exceto travessia",P
5022-0/01,"Transporte por navegação interior de passageiros em linhas regulares, municipal, exceto travessia",I
5022-0/02,"Transporte por navegação interior de passageiros em linhas regulares, intermunicipal, interestadual e internacional, exceto travessia",I
5030-1/01,Navegação de apoio marítimo,NA
5030-1/02,Navegação de apoio portuário,NA
5030-1/03,Serviço de rebocadores e empurradores,NA
5091-2/01,"Transporte por navegação de travessia, municipal",NA
5091-2/02,"Transporte por navegação de travessia, intermunicipal, interestadual e internacional",NA
5099-8/01,Transporte aquaviário para passeios turísticos,I
5099-8/99,Outros transportes aquaviários não especificados anteriormente,I
5111-1/00,Transporte aéreo de passageiros regular,I
5112-9/01,Serviço de táxi aéreo e locação de aeronaves com tripulação,I
5112-9/99,Outros serviços de transporte aéreo de passageiros não regular,I
5120-0/00,Transporte aéreo de carga,P
5130-7/00,Transporte espacial,NA
5211-7/01,Armazéns gerais - emissão de warrant,P
5211-7/02,Guarda-móveis,NA
5211-7/99,"Depósitos de mercadorias para terceiros, exceto armazéns gerais e guarda-móveis",P
5212-5/00,Carga e descarga,P
5221-4/00,"Concessionárias de rodovias, pontes, túneis e serviços relacionados",NA
5222-2/00,Terminais rodoviários e ferroviários,I
5223-1/00,Estacionamento de veículos,NA
5229-0/01,"Serviços de apoio ao transporte por táxi, inclusive centrais de chamada",NA
5229-0/02,Serviços de reboque de veículos,NA
5229-0/99,Outras atividades auxiliares dos transportes terrestres não especificadas anteriormente,P
5231-1/01,Administração da infraestrutura portuária,NA
5231-1/02,Atividades do operador portuário,NA
5231-1/03,Gestão de terminais aquaviários,NA
5232-0/00,Atividades de agenciamento marítimo,NA
5239-7/01,Serviços de praticagem,NA
5239-7/99,Atividades auxiliares dos transportes aquaviários não especificadas anteriormente,NA
5240-1/01,Operação dos aeroportos e campos de aterrissagem,NA
5240-1/99,"Atividades auxiliares dos transportes aéreos, exceto operação dos aeroportos e campos de aterrissagem",P
5250-8/01,Comissaria de despachos,NA
5250-8/02,Atividades de despachantes aduaneiros,NA
5250-8/03,"Agenciamento de cargas, exceto para o transporte marítimo",NA
5250-8/04,Organização logística do transporte de carga,NA
5250-8/05,Operador de transporte multimodal - otm,NA
5310-5/01,Atividades do correio nacional,P
5310-5/02,Atividades de franqueadas e permissionárias do correio nacional,P
5320-2/01,Serviços de malote não realizados pelo correio nacional,P
5320-2/02,Serviços de entrega rápida,P
5510-8/01,Hotéis,I
5510-8/02,Apart-hotéis,I
5510-8/03,Motéis,I
5590-6/01,"Albergues, exceto assistenciais",II
5590-6/02,Campings,I
5590-6/03,Pensões (alojamento),I
5590-6/99,Outros alojamentos não especificados anteriormente,II
5611-2/01,Restaurantes e similares,II
5611-2/03,"Lanchonetes, casas de chá, de sucos e similares",II
5611-2/04,"Bares e outros estabelecimentos especializados em servir bebidas, sem entretenimento",II
5611-2/05,"Bares e outros estabelecimentos especializados em servir bebidas, com entretenimento",II
5612-1/00,Serviços ambulantes de alimentação,P
5620-1/01,Fornecimento de alimentos preparados preponderantemente para empresas,III
5620-1/02,Serviços de alimentação para eventos e recepções - bufê,III
5620-1/03,Cantinas - serviços de alimentação privativos,II
5620-1/04,Fornecimento de alimentos preparados preponderantemente para consumo domiciliar,II
5811-5/00,Edição de livros,NA
5812-3/01,Edição de jornais diários,NA
5812-3/02,Edição de jornais não diários,NA
5813-1/00,Edição de revistas,NA
5819-1/00,"Edição de cadastros, listas e outros produtos gráficos",NA
5821-2/00,Edição integrada à impressão de livros,NA
5822-1/01,Edição integrada à impressão de jornais diários,NA
5822-1/02,Edição integrada à impressão de jornais não diários,NA
5823-9/00,Edição integrada à impressão de revistas,NA
5829-8/00,"Edição integrada à impressão de cadastros, listas e outros produtos gráficos",NA
5911-1/01,Estúdios cinematográficos,NA
5911-1/02,Produção de filmes para publicidade,NA
5911-1/99,"Atividades de produção cinematográfica, de vídeos e de programas de televisão não especificadas anteriormente",NA
5912-0/01,Serviços de dublagem,NA
5912-0/02,Serviços de mixagem sonora em produção audiovisual,NA
5912-0/99,Atividades de pós-produção cinematográfica de vídeos e de programas de televisão não especificadas anteriormente,NA
5913-8/00,"Distribuição cinematográfica, de vídeo e de programas de televisão",NA
5914-6/00,Atividades de exibição cinematográfica,NA
5920-1/00,Atividades de gravação de som e de edição de música,NA
6010-1/00,Atividades de rádio,NA
6021-7/00,Atividades de televisão aberta,NA
6022-5/01,Programadoras,NA
6022-5/02,"Atividades relacionadas à televisão por assinatura, exceto programadoras",NA
6110-8/01,Serviços de telefonia fixa comutada - stfc,NA
6110-8/02,Serviços de redes de transporte de telecomunicações - srtt,NA
6110-8/03,Serviços de comunicação multimídia - scm,NA
6110-8/99,Serviços de telecomunicações por fio não especificados anteriormente,NA
6120-5/01,Telefonia móvel celular,NA
6120-5/02,Serviço móvel especializado - sme,NA
6120-5/99,Serviços de telecomunicações sem fio não especificados anteriormente,NA
6130-2/00,Telecomunicações por satélite,NA
6141-8/00,Operadoras de televisão por assinatura por cabo,NA
6142-6/00,Operadoras de televisão por assinatura por micro-ondas,NA
6143-4/00,Operadoras de televisão por assinatura por satélite,NA
6190-6/01,Provedores de acesso às redes de comunicações,NA
6190-6/02,Provedores de voz sobre protocolo internet - voip,NA
6190-6/99,Outras atividades de telecomunicações não especificadas anteriormente,NA
6201-5/01,Desenvolvimento de programas de computador sob encomenda,NA
6201-5/02,Web desing,NA
6202-3/00,Desenvolvimento e licenciamento de programas de computador customizáveis,P
6203-1/00,Desenvolvimento e licenciamento de programas de computador não customizáveis,P
6204-0/00,Consultoria em tecnologia da informação,NA
6209-1/00,"Suporte técnico, manutenção e outros serviços em tecnologia da informação",NA
6311-9/00,"Tratamento de dados, provedores de serviços de aplicação e serviços de hospedagem na internet",NA
6319-4/00,Portais provedores de conteúdo e outros serviços de informação na internet,NA
6391-7/00,Agências de notícias,NA
6399-2/00,Outras atividades de prestação de serviços de informação não especificadas anteriormente,NA
6410-7/00,Banco central,NA
6421-2/00,Bancos comerciais,NA
6422-1/00,"Bancos múltiplos, com carteira comercial",NA
6423-9/00,Caixas econômicas,NA
6424-7/01,Bancos cooperativos,NA
6424-7/02,Cooperativas centrais de crédito,NA
6424-7/03,Cooperativas de crédito mútuo,NA
6424-7/04,Cooperativas de crédito rural,NA
6431-0/00,"Bancos múltiplos, sem carteira comercial",NA
6432-8/00,Bancos de investimento,NA
6433-6/00,Bancos de desenvolvimento,NA
6434-4/00,Agências de fomento,NA
6435-2/01,Sociedades de crédito imobiliário,NA
6435-2/02,Associações de poupança e empréstimo,NA
6435-2/03,Companhias hipotecárias,NA
6436-1/00,"Sociedades de crédito, financiamento e investimento - financeiras",NA
6437-9/00,Sociedades de crédito ao microempreendedor,NA
6438-7/01,Bancos de câmbio,NA
6438-7/99,Outras instituições de intermediação não monetária não especificadas anteriormente,NA
6440-9/00,Arrendamento mercantil,NA
6450-6/00,Sociedades de capitalização,NA
6461-1/00,Holdings de instituições financeiras,NA
6462-0/00,Holdings de instituições não financeiras,NA
6463-8/00,"Outras sociedades de participação, exceto holdings",NA
6470-1/01,"Fundos de investimento, exceto previdenciários e imobiliários",NA
6470-1/02,Fundos de investimento previdenciários,NA
6470-1/03,Fundos de investimento imobiliários,NA
6491-3/00,Sociedades de fomento mercantil - factoring,NA
6492-1/00,Securitização de créditos,NA
6493-0/00,Administração de consórcios para aquisição de bens e direitos,NA
6499-9/01,Clubes de investimento,NA
6499-9/02,Sociedades de investimento,NA
6499-9/03,Fundo garantidor de crédito,NA
6499-9/04,Caixas de financiamento de corporações,NA
6499-9/05,Concessão de crédito pelas oscip,NA
6499-9/99,Outras atividades de serviços financeiros não especificadas anteriormente,NA
6511-1/01,Sociedade seguradora de seguros vida,NA
6511-1/02,Planos de auxílio-funeral,NA
6512-0/00,Sociedade seguradora de seguros não vida,NA
6520-1/00,Sociedade seguradora de seguros-saúde,NA
6530-8/00,Resseguros,NA
6541-3/00,Previdência complementar fechada,NA
6542-1/00,Previdência complementar aberta,NA
6550-2/00,Planos de saúde,NA
6611-8/01,Bolsa de valores,NA
6611-8/02,Bolsa de mercadorias,NA
6611-8/03,Bolsa de mercadorias e futuros,NA
6611-8/04,Administração de mercados de balcão organizados,NA
6612-6/01,Corretoras de títulos e valores mobiliários,NA
6612-6/02,Distribuidoras de títulos e valores mobiliários,NA
6612-6/03,Corretoras de câmbio,NA
6612-6/04,Corretoras de contratos de mercadorias,NA
6612-6/05,Agentes de investimentos em aplicações financeiras,NA
6613-4/00,Administração de cartões de crédito,NA
6619-3/01,Serviços de liquidação e custódia,NA
6619-3/02,Correspondentes de instituições financeiras,NA
6619-3/03,Representações de bancos estrangeiros,NA
6619-3/04,Caixas eletrônicos,NA
6619-3/05,Operadoras de cartões de débito,NA
6619-3/99,Outras atividades auxiliares dos serviços financeiros não especificadas anteriormente,NA
6621-5/01,Peritos e avaliadores de seguros,NA
6621-5/02,Auditoria e consultoria atuarial,NA
6622-3/00,"Corretores e agentes de seguros, de planos de previdência complementar e de saúde",NA
6629-1/00,"Atividades auxiliares dos seguros, da previdência complementar e dos planos de saúde não especificadas anteriormente",NA
6630-4/00,Atividades de administração de fundos por contrato ou comissão,NA
6810-2/01,Compra e venda de imóveis próprios,NA
6810-2/02,Aluguel de imóveis próprios,NA
6810-2/03,Loteamento de imóveis próprios,NA
6821-8/01,Corretagem na compra e venda e avaliação de imóveis,NA
6821-8/02,Corretagem no aluguel de imóveis,NA
6822-6/00,Gestão e administração da propriedade imobiliária,NA
6911-7/01,Serviços advocatícios,NA
6911-7/02,Atividades auxiliares da justiça,NA
6911-7/03,Agente de propriedade industrial,NA
6912-5/00,Cartórios,NA
6920-6/01,Atividades de contabilidade,NA
6920-6/02,Atividades de consultoria e auditoria contábil e tributária,NA
7020-4/00,"Atividades de consultoria em gestão empresarial, exceto consultoria técnica específica",NA
7111-1/00,Serviços de arquitetura,NA
7112-0/00,Serviços de engenharia,NA
7119-7/01,"Serviços de cartografia, topografia e geodésia",NA
7119-7/02,Atividades de estudos geológicos,NA
7119-7/03,Serviços de desenho técnico relacionados à arquitetura e engenharia,NA
7119-7/04,Serviços de perícia técnica relacionados à segurança do trabalho,NA
7119-7/99,Atividades técnicas relacionadas à engenharia e arquitetura não especificadas anteriormente,NA
7120-1/00,Testes e análises técnicas,P
7210-0/00,Pesquisa e desenvolvimento experimental em ciências físicas e naturais,NA
7220-7/00,Pesquisa e desenvolvimento experimental em ciências sociais e humanas,NA
7311-4/00,Agências de publicidade,NA
7312-2/00,"Agenciamento de espaços para publicidade, exceto em veículos de comunicação",NA
7319-0/01,Criação de estandes para feiras e exposições,NA
7319-0/02,Promoção de vendas,NA
7319-0/03,Marketing direto,NA
7319-0/04,Consultoria em publicidade,NA
7319-0/99,Outras atividades de publicidade não especificadas anteriormente,NA
7320-3/00,Pesquisas de mercado e de opinião pública,NA
7410-2/02,Design de interiores,NA
7410-2/03,Desing de produto,NA
7410-2/99,Atividades de desing não especificadas anteriormente,NA
7420-0/01,"Atividades de produção de fotografias, exceto aérea e submarina",NA
7420-0/02,Atividades de produção de fotografias aéreas e submarinas,NA
7420-0/03,Laboratórios fotográficos,NA
7420-0/04,Filmagem de festas e eventos,NA
7420-0/05,Serviços de microfilmagem,NA
7490-1/01,"Serviços de tradução, interpretação e similares",NA
7490-1/02,Escafandria e mergulho,NA
7490-1/03,Serviços de agronomia e de consultoria às atividades agrícolas e pecuárias,NA
7490-1/04,"Atividades de intermediação e agenciamento de serviços e negócios em geral, exceto imobiliários",NA
7490-1/05,Agenciamento de profissionais para atividades esportivas culturais e artísticas,NA
7490-1/99,Outras atividades profissionais científicas e técnicas não especificadas anteriormente,NA
7500-1/00,Atividades veterinárias,P
7711-0/00,Locação de automóveis sem condutor,NA
7719-5/01,"Locação de embarcações sem tripulação, exceto para fins recreativos",NA
7719-5/02,Locação de aeronaves sem tripulação,NA
7719-5/99,"Locação de outros meios de transporte não especificados anteriormente, sem condutor",NA
7721-7/00,Aluguel de equipamentos recreativos e esportivos,NA
7722-5/00,"Aluguel de fitas de vídeo, DVDs e similares",NA
7723-3/00,"Aluguel de objetos do vestuário, jóias e acessórios",NA
7729-2/01,Aluguel de aparelhos de jogos eletrônicos,NA
7729-2/02,"Aluguel de móveis, utensílios e aparelhos de uso doméstico e pessoal; instrumentos musicais",NA
7729-2/03,Aluguel de material médico,P
7729-2/99,Aluguel de outros objetos pessoais e domésticos não especificados anteriormente,NA
7731-4/00,Aluguel de máquinas e equipamentos agrícolas sem operador,NA
7732-2/01,"Aluguel de máquinas e equipamentos para construção sem operador, exceto andaimes",NA
7732-2/02,Aluguel de andaimes,NA
7733-1/00,Aluguel de máquinas e equipamentos para escritório,NA
7739-0/01,"Aluguel de máquinas e equipamentos para extração de minérios e petróleo, sem operador",NA
7739-0/02,"Aluguel de equipamentos científicos, médicos e hospitalares, sem operador",P
7739-0/03,"Aluguel de palcos, coberturas e outras estruturas de uso temporário, exceto andaimes",NA
7739-0/99,"Aluguel de outras máquinas e equipamentos comerciais e industriais não especificados anteriormente, sem operador",NA
7740-3/00,Gestão de ativos intangíveis não financeiros,NA
7810-8/00,Seleção e agenciamento de mão de obra,NA
7820-5/00,Locação de mão de obra temporária,NA
7830-2/00,Fornecimento e gestão de recursos humanos para terceiros,NA
7911-2/00,Agências de viagens,NA
7912-1/00,Operadores turísticos,NA
7990-2/00,Serviços de reservas e outros serviços de turismo não especificados anteriormente,NA
8011-1/01,Atividades de vigilância e segurança privada,NA
8011-1/02,Serviços de adestramento de cães de guarda,NA
8012-9/00,Atividades de transporte de valores,NA
8020-0/01,Atividades de monitoramento de sistemas de segurança eletrônico,NA
8020-0/02,Outras atividades de serviços de segurança,NA
8030-7/00,Atividades de investigação particular,NA
8111-7/00,"Serviços combinados para apoio a edificios, exceto condomínios prediais",NA
8112-5/00,Condomínios prediais,NA
8121-4/00,Limpeza em prédios e em domicílios,I
8122-2/00,Imunização e controle de pragas urbanas,III
8129-0/00,Atividades de limpeza não especificadas anteriormente,P
8130-3/00,Atividades paisagísticas,NA
8211-3/00,Serviços combinados de escritório e apoio administrativo,NA
8219-9/01,Fotocópias,NA
8219-9/99,Preparação de documentos e serviços especializados de apoio administrativo não especificados anteriormente,NA
8220-2/00,Atividades de teleatendimento,NA
8230-0/01,"Serviços de organização de feiras, congressos, exposições e festas",NA
8230-0/02,Casas de festas e eventos,P
8291-1/00,Atividades de cobrança e informações cadastrais,NA
8292-0/00,Envasamento e empacotamento sob contrato,P
8299-7/01,"Medição de consumo de energia elétrica, gás e água",NA
8299-7/02,"Emissão de vales-alimentação, vales-transporte e similares",NA
8299-7/03,"Serviços de gravação de carimbos, exceto confecção",NA
8299-7/04,Leiloeiros independentes,NA
8299-7/05,Serviços de levantamento de fundos sob contrato,NA
8299-7/06,Casas lotéricas,NA
8299-7/07,Salas de acesso à internet,NA
8299-7/99,Outras atividades de serviços prestados principalmente às empresas não especificadas anteriormente,P
8411-6/00,Administração pública em geral,NA
8412-4/00,Regulação das atividades de saúde educação serviços culturais e outros serviços sociais,NA
8413-2/00,Regulação das atividades econômicas,NA
8421-3/00,Relações exteriores,NA
8422-1/00,Defesa,NA
8423-0/00,Justiça,P
8424-8/00,Segurança e ordem pública,NA
8425-6/00,Defesa civil,NA
8430-2/00,Seguridade social obrigatória,NA
8511-2/00,Educação infantil - creche,III
8512-1/00,Educação infantil - pré-escola,II
8513-9/00,Ensino fundamental,II
8520-1/00,Ensino médio,I
8531-7/00,Educação superior - graduação,I
8532-5/00,Educação superior - graduação e pós-graduação,I
8533-3/00,Educação superior - pós-graduação e extensão,I
8541-4/00,Educação profissional de nível técnico,I
8542-2/00,Educação profissional de nível tecnológico,I
8550-3/01,Administração de caixas escolares,NA
8550-3/02,"Atividades de apoio à educação, exceto caixas escolares",NA
8591-1/00,Ensino de esportes,I
8592-9/01,Ensino de dança,NA
8592-9/02,"Ensino de artes cênicas, exceto dança",NA
8592-9/03,Ensino de música,NA
8592-9/99,Ensino de arte e cultura não especificado anteriormente,NA
8593-7/00,Ensino de idiomas,NA
8599-6/01,Formação de condutores,NA
8599-6/02,Cursos de pilotagem,NA
8599-6/03,Treinamento em informática,NA
8599-6/04,Treinamento em desenvolvimento profissional e gerencial,NA
8599-6/05,Cursos preparatórios para concursos,NA
8599-6/99,Outras atividades de ensino não especificadas anteriormente,NA
8610-1/01,"Atividades de atendimento hospitalar, exceto pronto-socorro e unidades para atendimento a urgências",III
8610-1/02,Atividades de atendimento em pronto-socorro e unidades hospitalares para atendimento a urgências,III
8621-6/01,Uti móvel,III
8621-6/02,"Serviços móveis de atendimento a urgências, exceto por uti móvel",III
8622-4/00,Serviços de remoção de pacientes exceto os serviços móveis de atendimento a urgências,II
8630-5/01,Atividade médica ambulatorial com recursos para realização de procedimentos cirúrgicos,III
8630-5/02,Atividade médica ambulatorial com recursos para realização de exames complementares,P
8630-5/03,Atividade médica ambulatorial restrita a consultas,P
8630-5/04,Atividade odontológica,III
8630-5/06,Serviços de vacinação e imunização humana,III
8630-5/07,Atividades de reprodução humana assistida,III
8630-5/99,Atividades de atenção ambulatorial não especificadas anteriormente,II
8640-2/01,Laboratórios de anatomia patológica e citológica,III
8640-2/02,Laboratórios clínicos,III
8640-2/03,Serviços de diálise e nefrologia,III
8640-2/04,Serviços de tomografia,III
8640-2/05,"Serviços de diagnóstico por imagem com uso de radiação ionizante, exceto tomografia",III
8640-2/06,Serviços de ressonância magnética,III
8640-2/07,"Serviços de diagnóstico por imagem sem uso de radiação ionizante, exceto ressonância magnética",III
8640-2/08,"Serviços de diagnóstico por registro gráfico - ecg, eeg e outros exames análogos",II
8640-2/09,Serviços de diagnóstico por métodos ópticos - endoscopia e outros exames análogos,III
8640-2/10,Serviços de quimioterapia,III
8640-2/11,Serviços de radioterapia,III
8640-2/12,Serviços de hemoterapia,III
8640-2/13,Serviços de litotripsia,III
8640-2/14,Serviços de bancos de células e tecidos humanos,III
8640-2/99,Atividades de serviços de complementação diagnóstica e terapêutica não especificadas anteriormente,III
8650-0/01,Atividades de enfermagem,P
8650-0/02,Atividades de profissionais da nutrição,I
8650-0/03,Atividades de psicologia e psicanálise,I
8650-0/04,Atividades de fisioterapia,P
8650-0/05,Atividades de terapia ocupacional,I
8650-0/06,Atividades de fonoaudiologia,I
8650-0/07,Atividades de terapia de nutrição enteral e parenteral,III
8650-0/99,Atividades de profissionais da área de saúde não especificadas anteriormente,P
8660-7/00,Atividades de apoio à gestão de saúde,NA
8690-9/01,Atividades de práticas integrativas e complementares em saúde humana,II
8690-9/02,Atividades de banco de leite humano,III
8690-9/03,Atividades de acupuntura,II
8690-9/04,Atividades de podologia,II
8690-9/99,Outras atividades de atenção à saúde humana não especificadas anteriormente,P
8711-5/01,Clínicas e residências geriátricas,III
8711-5/02,Instituições de longa permanência para idosos,III
8711-5/03,"Atividades de assistência a deficientes físicos, imunodeprimidos e convalescentes",III
8711-5/04,Centros de apoio a pacientes com câncer e com aids,II
8711-5/05,Condomínios residenciais para idosos,P
8712-3/00,Atividades de fornecimento de infraestrutura de apoio e assistência a paciente no domicílio,III
8720-4/01,Atividades de centros de assistência psicossocial,P
8720-4/99,"Atividades de assistência psicossocial e à saúde a portadores de distúrbios psíquicos, deficiência mental e dependência química e grupos similares não especificadas anteriormente",III
8730-1/01,Orfanatos,III
8730-1/02,Albergues assistenciais,II
8730-1/99,Atividades de assistência social prestadas em residências coletivas e particulares não especificadas anteriormente,P
8800-6/00,Serviços de assistência social sem alojamento,P
9001-9/01,Produção teatral,NA
9001-9/02,Produção musical,NA
9001-9/03,Produção de espetáculos de dança,NA
9001-9/04,"Produção de espetáculos circenses, de marionetes e similares",NA
9001-9/05,"Produção de espetáculos de rodeios, vaquejadas e similares",NA
9001-9/06,Atividades de sonorização e de iluminação,NA
9001-9/09,Artes cênicas espetáculos e atividades complementares não especificados anteriormente,NA
9002-7/01,"Atividades de artistas plásticos, jornalistas independentes e escritores",NA
9002-7/02,Restauração de obras de arte,NA
9003-5/00,"Gestão de espaços para artes cênicas, espetáculos e outras atividades artísticas",NA
9101-5/00,Atividades de bibliotecas e arquivos,NA
9102-3/01,Atividades de museus e de exploração de lugares e prédios históricos e atrações similares,NA
9102-3/02,Restauração e conservação de lugares e prédios históricos,NA
9103-1/00,"Atividades de jardins botânicos, zoológicos, parques nacionais, reservas ecológicas e áreas de proteção ambiental",NA
9200-3/01,Casas de bingo,NA
9200-3/02,Exploração de apostas em corridas de cavalos,NA
9200-3/99,Exploração de jogos de azar e apostas não especificados anteriormente,NA
9311-5/00,Gestão de instalações de esportes,NA
9312-3/00,"Clubes sociais, esportivos e similares",I
9313-1/00,Atividades de condicionamento físico,II
9319-1/01,Produção e promoção de eventos esportivos,NA
9319-1/99,Outras atividades esportivas não especificadas anteriormente,NA
9321-2/00,Parques de diversão e parques temáticos,I
9329-8/01,"Discotecas, danceterias, salões de dança e similares",NA
9329-8/02,Exploração de boliches,NA
9329-8/03,"Exploração de jogos de sinuca, bilhar e similares",NA
9329-8/04,Exploração de jogos eletrônicos recreativos,NA
9329-8/99,Outras atividades de recreação e lazer não especificadas anteriormente,NA
9411-1/00,Atividades de organizações associativas patronais e empresariais,NA
9412-0/01,Atividades de fiscalização profissional,NA
9412-0/99,Outras atividades associativas profissionais,NA
9420-1/00,Atividades de organizações sindicais,NA
9430-8/00,Atividades de associações de defesa de direitos sociais,P
9491-0/00,Atividades de organizações religiosas ou filosóficas,NA
9492-8/00,Atividades de organizações políticas,NA
9493-6/00,Atividades de organizações associativas ligadas à cultura e à arte,NA
9499-5/00,Atividades associativas não especificadas anteriormente,NA
9511-8/00,Reparação e manutenção de computadores e de equipamentos periféricos,NA
9512-6/00,Reparação e manutenção de equipamentos de comunicação,NA
9521-5/00,Reparação e manutenção de equipamentos eletroeletrônicos de uso pessoal e doméstico,NA
9529-1/01,"Reparação de calçados, bolsas e artigos de viagem",NA
9529-1/02,Chaveiros,NA
9529-1/03,Reparação de relógios,NA
9529-1/04,"Reparação de bicicletas, triciclos e outros veículos não motorizados",NA
9529-1/05,Reparação de artigos do mobiliário,NA
9529-1/06,Reparação de jóias,NA
9529-1/99,Reparação e manutenção de outros objetos e equipamentos pessoais e domésticos não especificados anteriormente,NA
9601-7/01,Lavanderias,II
9601-7/02,Tinturarias,NA
9601-7/03,Toalheiros,P
9602-5/01,"Cabeleireiros, manicure e pedicure",II
9602-5/02,Atividades de estética e outros serviços de cuidados com a beleza,P
9603-3/01,Gestão e manutenção de cemitérios,I
9603-3/02,Serviços de cremação,I
9603-3/03,Serviços de sepultamento,I
9603-3/04,Serviços de funerárias,II
9603-3/05,Serviços de somatoconservação,III
9603-3/99,Atividades funerárias e serviços relacionados não especificados anteriormente,P
9609-2/02,Agências matrimoniais,NA
9609-2/04,Exploração de máquinas de serviços pessoais acionadas por moeda,NA
9609-2/05,Atividades de sauna e banhos,I
9609-2/06,Serviços de tatuagem e colocação de piercing,III
9609-2/07,Alojamento de animais domésticos,NA
9609-2/08,Higiene e embelezamento de animais domésticos,NA
9609-2/99,Outras atividades de serviços pessoais não especificadas anteriormente,NA
9700-5/00,Serviços domésticos,NA
9900-8/00,Organismos internacionais e outras instituições extraterritoriais,NA
